payment_id,currency,created,status
INV165406,INR,2026-08-21T10:00:00Z,succeeded
INV491074,INR,2026-08-29T10:00:00Z,succeeded
INV483334,INR,2026-08-27T10:00:00Z,succeeded
PAY257511,INR,2026-08-18T10:00:00Z,succeeded
TXN941888,INR,2026-08-20T10:00:00Z,succeeded
PAY579861,INR,2026-08-28T10:00:00Z,succeeded
ORD491362,INR,2026-08-27T10:00:00Z,succeeded
PAY928048,INR,2026-08-18T10:00:00Z,succeeded
INV211881,INR,2026-08-23T10:00:00Z,succeeded
TXN809325,INR,2026-08-18T10:00:00Z,succeeded
TXN452547,INR,2026-08-21T10:00:00Z,succeeded
INV812761,INR,2026-08-23T10:00:00Z,succeeded
INV764479,INR,2026-08-16T10:00:00Z,succeeded
PAY807251,INR,2026-08-25T10:00:00Z,succeeded
PAY337490,INR,2026-08-17T10:00:00Z,succeeded
ORD422243,INR,2026-08-25T10:00:00Z,succeeded
TXN832720,INR,2026-08-17T10:00:00Z,succeeded
INV830132,INR,2026-08-28T10:00:00Z,succeeded
ORD990420,INR,2026-08-18T10:00:00Z,succeeded
ORD860603,INR,2026-08-21T10:00:00Z,succeeded
PAY333765,INR,2026-08-25T10:00:00Z,succeeded
TXN730405,INR,2026-08-26T10:00:00Z,succeeded
TXN151931,INR,2026-08-29T10:00:00Z,succeeded
INV481159,INR,2026-08-26T10:00:00Z,succeeded
TXN129805,INR,2026-08-19T10:00:00Z,succeeded
INV939438,INR,2026-08-24T10:00:00Z,succeeded
TXN246885,INR,2026-08-18T10:00:00Z,succeeded
ORD771791,INR,2026-08-28T10:00:00Z,succeeded
INV208999,INR,2026-08-22T10:00:00Z,succeeded
ORD601963,INR,2026-08-17T10:00:00Z,succeeded
ORD533237,INR,2026-08-29T10:00:00Z,succeeded
INV487494,INR,2026-08-24T10:00:00Z,succeeded
ORD790562,INR,2026-08-26T10:00:00Z,succeeded
PAY245013,INR,2026-08-18T10:00:00Z,succeeded
TXN994321,INR,2026-08-25T10:00:00Z,succeeded
INV469184,INR,2026-08-22T10:00:00Z,succeeded
PAY857814,INR,2026-08-17T10:00:00Z,succeeded
PAY470767,INR,2026-08-16T10:00:00Z,succeeded
PAY775760,INR,2026-08-21T10:00:00Z,succeeded
PAY353091,INR,2026-08-24T10:00:00Z,succeeded
INV181273,INR,2026-08-29T10:00:00Z,succeeded
PAY194339,INR,2026-08-22T10:00:00Z,succeeded
INV763767,INR,2026-08-22T10:00:00Z,succeeded
INV787688,INR,2026-08-15T10:00:00Z,succeeded
TXN896468,INR,2026-08-15T10:00:00Z,succeeded
INV139977,INR,2026-08-15T10:00:00Z,succeeded
ORD445016,INR,2026-08-16T10:00:00Z,succeeded
ORD129110,INR,2026-08-21T10:00:00Z,succeeded
INV701931,INR,2026-08-21T10:00:00Z,succeeded
PAY101903,INR,2026-08-16T10:00:00Z,succeeded